<?xml version="1.0" encoding="UTF-8" standalone="no" ?>
<CATALOG F-DTD-VERSION="ODX-2.2.0" xmlns:xsi="http://www.w3.org/2001/XMLSchema-instance" xsi:noNamespaceSchemaLocation="odx-cc.xsd">

  <SHORT-NAME>PDXCatalog_1</SHORT-NAME>

  <ADMIN-DATA/>

  <ABLOCKS>
    <ABLOCK UPD="NEW">
      <SHORT-NAME>DLC_BV_ACM</SHORT-NAME>
      <LONG-NAME>DLC_BV_ACM</LONG-NAME>
      <FILES>
        <FILE CREATION-DATE="2014-08-07T11:43:48">DLC_BV_ACM.odx-d</FILE>
      </FILES>
    </ABLOCK>
    <ABLOCK UPD="NEW">
      <SHORT-NAME>DLC_BV_ECM</SHORT-NAME>
      <LONG-NAME>DLC_BV_ECM</LONG-NAME>
      <FILES>
        <FILE CREATION-DATE="2014-08-07T11:43:48">DLC_BV_ECM.odx-d</FILE>
      </FILES>
    </ABLOCK>
    <ABLOCK UPD="NEW">
      <SHORT-NAME>DLC_BV_RCM</SHORT-NAME>
      <LONG-NAME>DLC_BV_RCM</LONG-NAME>
      <FILES>
        <FILE CREATION-DATE="2014-08-07T11:43:48">DLC_BV_RCM.odx-d</FILE>
      </FILES>
    </ABLOCK>
    <ABLOCK UPD="NEW">
      <SHORT-NAME>DLC_PR_UDSOnCAN</SHORT-NAME>
      <LONG-NAME>DLC_PR_UDSOnCAN</LONG-NAME>
      <FILES>
        <FILE CREATION-DATE="2014-08-07T11:43:48">DLC_PR_UDSOnCAN.odx-d</FILE>
      </FILES>
    </ABLOCK>
    <ABLOCK UPD="NEW">
      <SHORT-NAME>DLC_SD_15765_3_Services</SHORT-NAME>
      <LONG-NAME>DLC_SD_15765_3_Services</LONG-NAME>
      <FILES>
        <FILE CREATION-DATE="2014-08-07T11:43:48">DLC_SD_15765_3_Services.odx-d</FILE>
      </FILES>
    </ABLOCK>
    <ABLOCK UPD="NEW">
      <SHORT-NAME>DLC_SD_DOPS</SHORT-NAME>
      <LONG-NAME>DLC_SD_DOPS</LONG-NAME>
      <FILES>
        <FILE CREATION-DATE="2014-08-07T11:43:48">DLC_SD_DOPS.odx-d</FILE>
      </FILES>
    </ABLOCK>
    <ABLOCK UPD="NEW">
      <SHORT-NAME>DLC_SD_DTSJobLibrary</SHORT-NAME>
      <LONG-NAME>DLC_SD_DTSJobLibrary</LONG-NAME>
      <FILES>
        <FILE CREATION-DATE="2014-08-07T11:43:48">DLC_SD_DTSJobLibrary.odx-d</FILE>
      </FILES>
    </ABLOCK>
    <ABLOCK UPD="NEW">
      <SHORT-NAME>DLC_SD_ExP_DOPS</SHORT-NAME>
      <LONG-NAME>DLC_SD_ExP_DOPS</LONG-NAME>
      <FILES>
        <FILE CREATION-DATE="2014-08-07T11:43:48">DLC_SD_ExP_DOPS.odx-d</FILE>
      </FILES>
    </ABLOCK>
    <ABLOCK UPD="NEW">
      <SHORT-NAME>DLC_SD_UNITS</SHORT-NAME>
      <LONG-NAME>DLC_SD_UNITS</LONG-NAME>
      <FILES>
        <FILE CREATION-DATE="2014-08-07T11:43:48">DLC_SD_UNITS.odx-d</FILE>
      </FILES>
    </ABLOCK>
    <ABLOCK UPD="NEW">
      <SHORT-NAME>DLC_FG_UDSOnCAN</SHORT-NAME>
      <LONG-NAME>DLC_FG_UDSOnCAN</LONG-NAME>
      <FILES>
        <FILE CREATION-DATE="2014-08-07T11:43:48">DLC_FG_UDSOnCAN.odx-d</FILE>
      </FILES>
    </ABLOCK>
    <ABLOCK UPD="NEW">
      <SHORT-NAME>ISO_15765_3_on_ISO_15765_2</SHORT-NAME>
      <LONG-NAME>ISO_15765_3_on_ISO_15765_2</LONG-NAME>
      <FILES>
        <FILE CREATION-DATE="2014-08-07T11:43:48">ISO_15765_3_on_ISO_15765_2.odx-c</FILE>
      </FILES>
    </ABLOCK>
    <ABLOCK UPD="NEW">
      <SHORT-NAME>ISO_11898_2_DWCAN</SHORT-NAME>
      <LONG-NAME>ISO_11898_2_DWCAN</LONG-NAME>
      <FILES>
        <FILE CREATION-DATE="2014-08-07T11:43:48">ISO_11898_2_DWCAN.odx-cs</FILE>
      </FILES>
    </ABLOCK>
    <ABLOCK UPD="NEW">
      <SHORT-NAME>ISO_11898_3_DWFTCAN</SHORT-NAME>
      <LONG-NAME>ISO_11898_3_DWFTCAN</LONG-NAME>
      <FILES>
        <FILE CREATION-DATE="2014-08-07T11:43:48">ISO_11898_3_DWFTCAN.odx-cs</FILE>
      </FILES>
    </ABLOCK>
    <ABLOCK UPD="NEW">
      <SHORT-NAME>ISO_15765_2</SHORT-NAME>
      <LONG-NAME>ISO_15765_2</LONG-NAME>
      <FILES>
        <FILE CREATION-DATE="2014-08-07T11:43:48">ISO_15765_2.odx-cs</FILE>
      </FILES>
    </ABLOCK>
    <ABLOCK UPD="NEW">
      <SHORT-NAME>ISO_15765_3</SHORT-NAME>
      <LONG-NAME>ISO_15765_3</LONG-NAME>
      <FILES>
        <FILE CREATION-DATE="2014-08-07T11:43:48">ISO_15765_3.odx-cs</FILE>
      </FILES>
    </ABLOCK>
    <ABLOCK UPD="NEW">
      <SHORT-NAME>ISO_15765_4</SHORT-NAME>
      <LONG-NAME>ISO_15765_4</LONG-NAME>
      <FILES>
        <FILE CREATION-DATE="2014-08-07T11:43:48">ISO_15765_4.odx-cs</FILE>
      </FILES>
    </ABLOCK>
    <ABLOCK UPD="NEW">
      <SHORT-NAME>SAE_J2411_SWCAN</SHORT-NAME>
      <LONG-NAME>SAE_J2411_SWCAN</LONG-NAME>
      <FILES>
        <FILE CREATION-DATE="2014-08-07T11:43:48">SAE_J2411_SWCAN.odx-cs</FILE>
      </FILES>
    </ABLOCK>
    <ABLOCK UPD="NEW">
      <SHORT-NAME>ECMFlashSpec</SHORT-NAME>
      <LONG-NAME>ECMFlashSpec</LONG-NAME>
      <FILES>
        <FILE CREATION-DATE="2014-08-07T11:43:48">ECMFlashSpec.odx-f</FILE>
      </FILES>
    </ABLOCK>
    <ABLOCK UPD="NEW">
      <SHORT-NAME>VI_ExP</SHORT-NAME>
      <LONG-NAME>VI_ExP</LONG-NAME>
      <FILES>
        <FILE CREATION-DATE="2014-08-07T11:43:48">VI_ExP.odx-v</FILE>
      </FILES>
    </ABLOCK>
    <ABLOCK UPD="NEW">
      <SHORT-NAME>Example_Project_xim</SHORT-NAME>
      <LONG-NAME>SimulationFile</LONG-NAME>
      <FILES>
        <FILE CREATION-DATE="2013-07-22T17:34:50">sim\Example_Project.xim</FILE>
      </FILES>
    </ABLOCK>
    <ABLOCK UPD="NEW">
      <SHORT-NAME>DTSJobLibrary_jar</SHORT-NAME>
      <LONG-NAME>JobFaultMemory</LONG-NAME>
      <ADMIN-DATA/>
      <FILES>
        <FILE CREATION-DATE="2013-07-22T17:34:50">DTSJobLibrary.jar</FILE>
        <FILE CREATION-DATE="2013-07-29T13:07:42">\flashfiles\Application.HEX</FILE>
      </FILES>
    </ABLOCK>
    <ABLOCK UPD="NEW">
      <SHORT-NAME>ISO_14229_5_on_ISO_13400_2</SHORT-NAME>
      <LONG-NAME>ISO_14229_5_on_ISO_13400_2</LONG-NAME>
      <FILES>
        <FILE CREATION-DATE="2015-03-25T10:59:59">ISO_14229_5_on_ISO_13400_2.odx-c</FILE>
      </FILES>
    </ABLOCK>
    <ABLOCK UPD="NEW">
      <SHORT-NAME>DLC_FG_UDSOnDoIP</SHORT-NAME>
      <LONG-NAME>DLC_FG_UDSOnDoIP</LONG-NAME>
      <FILES>
        <FILE CREATION-DATE="2015-03-25T10:59:59">DLC_FG_UDSOnDoIP.odx-d</FILE>
      </FILES>
    </ABLOCK>
    <ABLOCK UPD="NEW">
      <SHORT-NAME>DLC_PR_UDSOnDoIP</SHORT-NAME>
      <LONG-NAME>DLC_PR_UDSOnDoIP</LONG-NAME>
      <FILES>
        <FILE CREATION-DATE="2015-03-25T10:59:59">DLC_PR_UDSOnDoIP.odx-d</FILE>
      </FILES>
    </ABLOCK>
    <ABLOCK UPD="NEW">
      <SHORT-NAME>ISO_13400_2</SHORT-NAME>
      <LONG-NAME>ISO_13400_2</LONG-NAME>
      <FILES>
        <FILE CREATION-DATE="2015-03-25T10:59:59">ISO_13400_2.odx-cs</FILE>
      </FILES>
    </ABLOCK>
    <ABLOCK UPD="NEW">
      <SHORT-NAME>ISO_14229_5</SHORT-NAME>
      <LONG-NAME>ISO_14229_5</LONG-NAME>
      <FILES>
        <FILE CREATION-DATE="2015-03-25T11:00:00">ISO_14229_5.odx-cs</FILE>
      </FILES>
    </ABLOCK>
    <ABLOCK UPD="NEW">
      <SHORT-NAME>ECU_Config_ExP</SHORT-NAME>
      <LONG-NAME>ECU_Config_ExP</LONG-NAME>
      <FILES>
        <FILE CREATION-DATE="2015-04-29T13:24:05">ECU_Config_ExP.odx-e</FILE>
      </FILES>
    </ABLOCK>
  </ABLOCKS>

</CATALOG>
